{"cameraMode":{"drawMode":0,"name":"Shaded","section":"Shading Mode"},"sceneLighting":false,"audioPlay":false,"sceneViewState":{"m_AlwaysRefresh":false,"showFog":true,"showSkybox":false,"showFlares":true,"showImageEffects":true,"showParticleSystems":true,"showVisualEffectGraphs":true,"m_FxEnabled":true},"in2DMode":false,"pivot":{"x":-0.008623361587524414,"y":2.189326047897339,"z":0.6719269752502441},"rotation":{"x":-0.007460508495569229,"y":0.9130585193634033,"z":-0.016719626262784005,"w":-0.4074174761772156},"size":2.5752756595611574,"orthographic":false}